video,right_side_up
S_20150104_2618_05,1
S_20130925_1108_03,0
A_20140121_1608_03,0
S_20140816_2130_01,0
S_20130814_0928_03,0
A_20150329_3016_03,0
S_20140928_2311_03,0
A_20140418_1905_05,0
A_20140509_1926_01,0
S_20130925_1108_04,0
S_20140911_2225_08,0
S_20150104_2618_02,1
S_20141019_2402_02,0
S_20130501_0614_01,0
A_20150404_3022_03,0
A_20140418_1905_02,1
S_20140707_2020_04,0
S_20131009_1122_05,0
S_20150302_2813_01,0
S_20140926_2309_02,0
S_20140125_1508_01,0
A_20140609_2027_06,0
S_20130605_0719_05,0
A_20140630_2117_05,0
A_20140117_1604_01,0
S_20141221_2604_04,0
A_20130601_0819_01,1
S_20140830_2213_07,0
S_20140911_2225_01,0
A_20140506_1923_03,0
A_20131206_1423_02,0
S_20130605_0719_02,0
A_20140630_2117_02,0
A_20140609_2027_01,0
S_20131009_1122_02,0
S_20140707_2020_03,0
S_20150405_2919_02,0
S_20150115_2629_03,0
A_20150115_2802_02,0
S_20140418_1801_01,0
S_20140911_2225_06,0
A_20140502_1919_01,0
S_20130703_0816_10,0
S_20141221_2604_03,1
S_20140305_1616_03,0
A_20140214_1701_02,0
S_20131130_1313_02,0
A_20140803_2221_03,0
S_20130908_1022_04,0
S_20131012_1125_08,0
S_20141224_2607_02,1
S_20150203_2717_05,1
A_20140222_1709_01,0
S_20131130_1313_05,0
S_20140305_1616_04,0
S_20140201_1515_01,0
A_20130827_1114_03,0
S_20150203_2717_02,0
S_20141224_2607_05,1
S_20140409_1723_09,0
A_20141004_2421_01,0
S_20130908_1022_03,0
S_20150219_2802_06,0
S_20140315_1626_05,0
S_20141001_2314_01,0
S_20131012_1125_06,0
S_20130626_0809_05,0
A_20140223_1710_03,0
S_20140713_2026_04,0
A_20140820_2307_03,0
S_20150309_2820_05,0
S_20131207_1320_04,0
S_20130919_1102_05,0
A_20140330_1817_03,0
A_20141101_2519_01,0
S_20130710_0823_05,0
S_20140409_1723_07,0
S_20150309_2820_02,1
A_20140820_2307_04,0
S_20131027_1210_02,0
S_20140713_2026_03,0
S_20131012_1125_01,0
S_20130626_0809_02,0
S_20141001_2314_06,1
S_20140315_1626_02,0
A_20131108_1326_02,0
S_20150219_2802_01,1
S_20130710_0823_02,0
A_20130925_1212_02,0
A_20140131_1618_03,0
S_20130919_1102_02,0
S_20140806_2120_01,0
S_20131207_1320_03,0
S_20140926_2309_04,0
S_20131009_1122_03,0
S_20150115_2629_02,1
S_20140707_2020_02,0
S_20130605_0719_03,0
A_20131206_1423_03,0
A_20140630_2117_03,0
S_20140830_2213_01,0
S_20140911_2225_07,0
S_20141221_2604_02,0
S_20130703_0816_11,0
S_20130605_0719_04,0
A_20140630_2117_04,0
A_20131202_1419_01,0
S_20140926_2309_03,0
S_20131009_1122_04,0
A_20140506_1923_02,0
S_20140222_1605_01,0
S_20141221_2604_05,1
S_20140830_2213_06,0
A_20150411_3029_01,0
S_20150104_2618_03,1
S_20150312_2823_01,1
A_20141122_2609_01,0
S_20140607_1921_01,0
S_20141004_2317_01,0
S_20130720_0903_01,0
S_20140911_2225_09,0
A_20140418_1905_03,0
S_20141019_2402_03,0
A_20150404_3022_02,0
S_20140522_1905_02,0
S_20130814_0928_02,0
S_20130720_0903_06,0
S_20130925_1108_02,0
A_20140121_1608_02,0
S_20150104_2618_04,1
S_20141019_2402_04,0
A_20150329_3016_02,0
S_20141101_2415_01,0
A_20140418_1905_04,0
A_20130721_1008_01,0
S_20140928_2311_02,0
S_20141001_2314_07,0
S_20140315_1626_03,0
A_20131108_1326_03,0
A_20141217_2704_01,0
A_20130731_1018_01,0
S_20140713_2026_02,0
A_20140223_1710_05,0
S_20140409_1723_06,0
A_20150216_2903_01,0
S_20150309_2820_03,1
A_20140820_2307_05,0
S_20131027_1210_03,0
S_20130626_0809_03,0
A_20130628_0915_01,0
S_20131207_1320_02,0
A_20130925_1212_03,0
S_20130710_0823_03,0
A_20140131_1618_02,0
S_20130919_1102_03,0
S_20131012_1125_07,0
S_20130626_0809_04,0
S_20140409_1723_01,0
A_20140820_2307_02,0
S_20150309_2820_04,1
S_20131027_1210_04,0
S_20140713_2026_05,1
A_20140223_1710_02,0
S_20150219_2802_07,0
S_20140315_1626_04,0
A_20140330_1817_02,0
S_20130919_1102_04,0
S_20130710_0823_04,0
S_20130504_0617_01,0
S_20131207_1320_05,0
S_20141011_2324_01,0
S_20140305_1616_05,0
S_20140612_1926_06,0
S_20141218_2601_01,0
S_20131130_1313_04,0
S_20150419_3001_01,0
S_20140119_1502_01,0
S_20130908_1022_02,0
S_20140409_1723_08,0
S_20150203_2717_03,0
A_20130827_1114_02,0
S_20141224_2607_04,0
S_20131130_1313_03,0
A_20140214_1701_03,0
S_20140612_1926_01,0
S_20140305_1616_02,0
A_20150127_2814_02,1
A_20141110_2528_01,0
S_20141224_2607_03,1
S_20150203_2717_04,0
S_20130908_1022_05,0
A_20140803_2221_02,0
S_20140426_1809_02,0
S_20140403_1717_12,0
A_20140208_1626_03,0
S_20150315_2826_02,0
A_20140209_1627_04,0
S_20130526_0709_05,0
S_20140423_1806_07,0
S_20140202_1516_03,0
S_20150409_2923_07,1
S_20140309_1620_02,0
S_20140611_1925_05,0
A_20131127_1414_01,0
S_20140510_1823_02,0
A_20141124_2611_01,0
A_20140427_1914_03,0
S_20140622_2005_02,0
S_20140917_2300_05,0
S_20140611_1925_02,0
S_20140202_1516_04,0
S_20140309_1620_05,0
S_20130526_0709_02,0
A_20140209_1627_03,0
S_20150315_2826_05,0
S_20140326_1709_08,0
S_20140426_1809_05,0
S_20140622_2005_05,0
S_20140917_2300_02,0
S_20131214_1327_07,0
A_20140427_1914_04,0
S_20140510_1823_05,0
A_20130927_1214_01,0
A_20140521_2008_01,0
S_20140601_1915_03,0
S_20140212_1526_05,0
S_20140717_2100_04,0
S_20150409_2923_09,1
S_20140423_1806_09,0
S_20140906_2220_04,0
S_20140907_2221_03,0
S_20141106_2420_03,0
S_20140326_1709_01,0
S_20130508_0621_01,0
S_20140717_2100_03,1
S_20140212_1526_02,0
S_20140601_1915_04,0
A_20140314_1801_01,0
A_20140920_2407_03,0
S_20131204_1317_01,0
S_20140326_1709_06,0
S_20140907_2221_04,0
S_20140906_2220_03,0
S_20140405_1719_02,0
S_20141228_2611_02,0
S_20140302_1613_06,0
S_20130922_1105_04,0
A_20131017_1304_03,0
S_20131031_1214_09,0
A_20130818_1105_02,0
S_20140320_1703_10,0
S_20131225_1408_02,0
S_20140903_2217_05,0
A_20140115_1602_02,0
S_20140220_1603_03,0
A_20131017_1304_04,0
S_20130922_1105_03,0
S_20140302_1613_01,0
S_20141228_2611_05,1
S_20141102_2416_02,0
S_20140903_2217_02,0
S_20140220_1603_04,0
S_20140801_2115_02,0
A_20140401_1819_01,0
S_20140104_1418_03,0
A_20150117_2804_01,0
S_20140206_1520_05,0
A_20141228_2715_01,0
S_20130824_1007_04,0
S_20140308_1619_01,0
S_20131031_1214_07,0
S_20140115_1429_05,0
S_20130818_1001_01,0
S_20140913_2227_03,0
S_20141112_2426_03,0
S_20140302_1613_08,0
S_20130905_1019_01,0
A_20130617_0904_01,0
S_20130824_1007_03,0
S_20150331_2914_01,0
S_20140206_1520_02,0
S_20140921_2304_02,0
S_20140913_2227_04,0
S_20131024_1207_01,0
S_20140115_1429_02,0
A_20130727_1014_01,0
S_20140717_2100_02,0
S_20140601_1915_05,0
S_20140212_1526_03,0
S_20140906_2220_02,0
A_20141012_2429_01,0
A_20140920_2407_02,0
S_20140326_1709_07,0
S_20140212_1526_04,0
S_20140601_1915_02,0
S_20140717_2100_05,0
A_20150425_3112_01,0
S_20150409_2923_08,1
S_20140907_2221_02,0
S_20141106_2420_02,1
S_20140423_1806_08,0
S_20140906_2220_05,0
S_20150315_2826_04,0
S_20130808_0922_01,0
S_20130608_0722_06,0
A_20140209_1627_02,0
S_20140426_1809_04,0
A_20140216_1703_06,0
S_20150409_2923_01,1
S_20140202_1516_05,0
S_20140309_1620_04,0
S_20140611_1925_03,0
S_20130526_0709_03,0
S_20140423_1806_01,0
S_20141029_2412_06,0
S_20140510_1823_04,0
S_20140622_2005_04,0
S_20131214_1327_06,0
S_20140917_2300_03,0
S_20130526_0709_04,0
S_20140423_1806_06,0
S_20140611_1925_04,0
S_20150409_2923_06,1
S_20140202_1516_02,0
A_20140216_1703_01,0
S_20140309_1620_03,0
S_20140426_1809_03,0
S_20130808_0922_06,0
S_20130608_0722_01,0
S_20150315_2826_03,0
A_20140208_1626_02,0
S_20140622_2005_03,0
S_20140917_2300_04,0
S_20131214_1327_01,0
A_20140427_1914_02,0
A_20140720_2207_01,0
S_20141029_2412_01,0
S_20140510_1823_03,0
S_20140206_1520_03,0
S_20140921_2304_03,0
A_20141207_2624_01,0
S_20130824_1007_02,0
S_20131031_1214_01,0
S_20150324_2907_01,1
S_20140115_1429_03,0
A_20130712_0929_01,0
S_20140913_2227_05,0
S_20131031_1214_06,0
S_20140312_1623_01,0
S_20131017_1200_01,0
S_20140206_1520_04,0
S_20140913_2227_02,0
S_20141112_2426_02,0
A_20150324_3011_02,0
S_20140115_1429_04,0
A_20140823_2310_01,0
S_20141228_2611_04,1
S_20141116_2430_02,0
S_20130922_1105_02,0
S_20140104_1418_02,0
A_20130607_0825_01,0
S_20150222_2805_01,0
S_20140801_2115_03,0
S_20141102_2416_03,0
S_20140220_1603_05,0
S_20140903_2217_03,0
S_20130915_1029_01,0
A_20131017_1304_02,0
S_20130922_1105_05,0
S_20140405_1719_03,0
S_20140302_1613_07,0
S_20141228_2611_03,0
S_20130915_1029_06,0
S_20140220_1603_02,0
S_20140903_2217_04,0
S_20140801_2115_04,0
S_20131031_1214_08,0
A_20130818_1105_03,0
S_20130829_1012_01,0
A_20150221_2908_01,0
A_20130906_1124_01,0
S_20130622_0805_05,0
A_20150308_2923_02,0
S_20140821_2204_04,0
S_20131117_1300_01,0
S_20141214_2527_03,0
S_20150329_2912_02,0
A_20150104_2722_01,0
S_20140406_1720_01,0
A_20140321_1808_02,0
A_20130907_1125_01,0
A_20140402_1820_02,0
A_20140321_1808_05,0
S_20150329_2912_05,0
S_20141214_2527_04,0
S_20140420_1803_06,0
S_20130622_0805_02,0
S_20140821_2204_03,0
S_20130717_0900_03,0
A_20130913_1200_01,0
S_20130731_0914_04,0
S_20140320_1703_02,0
S_20140503_1816_02,0
S_20130724_0907_05,0
S_20131003_1116_05,0
S_20140320_1703_05,0
S_20140503_1816_05,0
S_20130731_0914_03,0
S_20140621_2004_02,0
S_20150322_2905_01,0
S_20130717_0900_04,0
S_20131003_1116_02,0
A_20140305_1720_03,0
S_20130822_1005_02,0
A_20131012_1229_03,0
S_20130724_0907_02,0
S_20140528_1911_02,0
S_20150209_2723_05,0
S_20130714_0827_07,0
S_20140508_1821_07,0
S_20131212_1325_01,0
A_20140408_1826_01,0
S_20131228_1411_04,0
A_20140301_1716_02,0
S_20131103_1217_01,0
A_20140228_1715_02,0
A_20130531_0818_01,0
S_20150111_2625_04,0
S_20141115_2429_01,0
S_20130428_0611_02,0
S_20140403_1717_09,0
S_20131212_1325_06,0
A_20131022_1309_01,0
S_20150209_2723_02,0
S_20140528_1911_05,0
S_20130519_0702_03,0
S_20141122_2505_02,0
S_20140618_2001_01,0
S_20150111_2625_03,0
A_20141213_2700_02,0
S_20131228_1411_03,0
S_20140413_1727_01,0
S_20140510_1823_10,0
A_20150123_2810_01,0
S_20141129_2512_01,1
S_20131121_1304_01,0
A_20130705_0922_03,0
S_20131113_1227_07,0
S_20140426_1809_10,0
S_20130811_0925_04,0
S_20140227_1610_02,0
S_20140824_2207_02,0
A_20130622_0909_04,0
S_20150101_2615_02,0
A_20140709_2126_01,0
S_20140609_1923_01,0
S_20141211_2524_05,1
A_20130705_0922_04,0
S_20131121_1304_06,0
S_20140917_2300_10,0
A_20130823_1110_01,0
S_20131226_1409_02,0
S_20140430_1813_01,0
S_20141211_2524_02,0
A_20130622_0909_03,0
S_20150101_2615_05,1
S_20140609_1923_06,0
S_20140227_1610_05,0
S_20130811_0925_03,0
S_20140403_1717_07,0
S_20130717_0900_05,0
S_20140320_1703_04,0
S_20140503_1816_04,0
S_20130731_0914_02,0
A_20130920_1207_01,0
S_20130724_0907_03,0
A_20140305_1720_02,0
S_20131106_1220_06,1
S_20131003_1116_03,0
A_20131012_1229_02,0
S_20130822_1005_03,0
S_20141015_2328_01,0
S_20130731_0914_05,0
S_20140320_1703_03,0
S_20140503_1816_03,0
A_20140317_1804_01,0
S_20130717_0900_02,0
A_20140106_1524_02,0
S_20130822_1005_04,0
S_20131106_1220_01,0
S_20131003_1116_04,0
S_20130724_0907_04,0
A_20150426_3113_01,0
A_20140402_1820_03,0
S_20140809_2123_01,0
S_20140107_1421_01,0
S_20140420_1803_07,0
S_20141214_2527_05,0
S_20130622_0805_03,0
S_20140821_2204_02,0
A_20140321_1808_04,0
S_20150329_2912_04,0
S_20140107_1421_06,0
S_20140913_2227_10,0
S_20150329_2912_03,0
A_20140321_1808_03,0
S_20140215_1529_01,0
S_20130622_0805_04,0
A_20150308_2923_03,0
S_20140821_2204_05,0
S_20141214_2527_02,0
A_20130614_0901_01,0
A_20130705_0922_05,0
S_20140917_2300_11,0
S_20131121_1304_07,0
S_20140403_1717_06,0
S_20130811_0925_02,0
S_20131113_1227_01,0
A_20130622_0909_02,0
S_20150101_2615_04,1
S_20141211_2524_03,0
S_20140227_1610_04,0
S_20140824_2207_04,0
A_20130705_0922_02,0
S_20141018_2401_01,0
S_20130714_0827_08,0
S_20140824_2207_03,0
S_20140508_1821_08,0
S_20140227_1610_03,0
S_20141211_2524_04,0
S_20150101_2615_03,1
S_20131113_1227_06,0
S_20130811_0925_05,0
S_20140426_1809_11,0
S_20140403_1717_01,0
S_20150209_2723_03,0
S_20130714_0827_01,0
S_20140508_1821_01,0
S_20140528_1911_04,0
S_20130519_0702_02,0
S_20140403_1717_08,0
S_20130428_0611_03,0
A_20130916_1203_01,0
S_20140729_2112_01,0
S_20131228_1411_02,0
A_20130719_1006_02,0
S_20150111_2625_02,1
S_20140717_2100_10,0
A_20130711_0928_01,0
S_20140528_1911_03,0
S_20130714_0827_06,0
S_20140112_1426_01,0
S_20130515_0628_01,0
S_20140508_1821_06,0
S_20150209_2723_04,0
S_20150111_2625_05,1
S_20131228_1411_05,0
A_20140228_1715_03,0
A_20140301_1716_03,0
S_20130928_1111_05,0
S_20140814_2128_04,0
S_20130616_0730_01,0
S_20130901_1015_01,0
S_20130630_0813_01,0
S_20150416_2930_01,1
A_20130809_1027_01,0
S_20150412_2926_08,1
A_20130830_1117_02,0
A_20140704_2121_01,0
S_20140123_1506_03,0
S_20140208_1522_03,0
S_20141203_2516_01,0
A_20130612_0830_05,0
S_20141206_2519_04,0
S_20131127_1310_04,0
A_20130808_1026_01,0
S_20150121_2704_07,0
S_20130630_0813_06,0
A_20130914_1201_02,0
S_20130928_1111_02,0
S_20130616_0730_06,0
S_20140814_2128_03,0
S_20130602_0716_07,0
S_20141206_2519_03,0
S_20131127_1310_03,0
A_20130612_0830_02,0
S_20150301_2812_01,0
A_20130922_1209_01,0
A_20141229_2716_03,0
S_20140208_1522_04,0
S_20131019_1202_01,0
S_20140123_1506_04,0
S_20130619_0802_04,0
A_20130609_0827_01,0
S_20131123_1306_03,0
S_20131221_1404_02,0
A_20140513_2000_01,0
A_20131123_1410_03,0
S_20150226_2809_07,0
S_20130728_0911_05,0
S_20140101_1415_03,0
S_20141224_2607_10,1
S_20140920_2303_01,0
S_20150412_2926_06,1
S_20141009_2322_03,0
S_20131130_1313_10,0
S_20130612_0726_06,0
S_20130421_0604_03,0
S_20131110_1224_02,0
S_20140101_1415_04,0
S_20130728_0911_02,0
A_20131123_1410_04,0
S_20131221_1404_05,0
S_20131123_1306_04,0
A_20141103_2521_02,0
S_20130619_0802_03,0
S_20130421_0604_04,0
A_20140601_2019_01,0
S_20131110_1224_05,0
S_20130616_0730_08,0
S_20130612_0726_01,0
S_20141009_2322_04,0
S_20150412_2926_01,1
S_20140920_2303_06,1
S_20140322_1705_01,0
S_20141130_2513_01,0
A_20130802_1020_02,0
S_20130703_0816_05,0
S_20141109_2423_02,0
S_20130529_0712_01,0
S_20140517_1900_04,0
S_20150215_2729_01,1
A_20140315_1802_03,0
S_20140605_1919_03,0
S_20141026_2409_04,0
S_20140628_2011_03,0
A_20140912_2330_02,0
A_20140725_2212_02,0
S_20150124_2707_08,0
S_20131218_1401_01,0
S_20140524_1907_02,0
S_20141023_2406_01,0
A_20140315_1802_04,0
S_20150215_2729_06,1
S_20140517_1900_03,0
S_20141221_2604_11,1
S_20130703_0816_02,0
S_20141108_2422_02,0
S_20141130_2513_06,0
S_20140524_1907_05,0
S_20140823_2206_01,0
S_20131218_1401_06,0
S_20150107_2621_01,0
A_20140201_1620_01,0
S_20141026_2409_03,0
S_20140628_2011_04,0
S_20140605_1919_04,0
S_20150124_2707_06,1
S_20140828_2211_02,0
A_20140110_1528_03,0
A_20130624_0911_02,0
A_20141109_2527_01,0
S_20141119_2502_04,0
A_20130813_1100_03,0
S_20150118_2701_03,1
A_20130726_1013_03,0
S_20130522_0705_05,0
S_20140710_2023_02,0
A_20150106_2724_02,0
S_20140614_1928_02,0
S_20140329_1712_05,0
A_20141214_2701_01,0
S_20141119_2502_03,0
S_20150124_2707_01,1
S_20140329_1712_02,0
S_20140614_1928_05,0
A_20140307_1722_01,0
S_20130522_0705_02,0
S_20150118_2701_04,1
A_20130726_1013_04,0
S_20131123_1306_05,0
A_20130819_1106_01,0
S_20131221_1404_04,0
A_20141103_2521_03,0
S_20130602_0716_08,0
S_20130619_0802_02,0
S_20130911_1025_01,0
A_20150507_3124_01,0
S_20140101_1415_05,0
S_20150226_2809_01,0
S_20130728_0911_03,0
S_20140920_2303_07,0
S_20141009_2322_05,0
S_20130616_0730_09,0
S_20131110_1224_04,0
S_20130728_0911_04,0
S_20150226_2809_06,0
A_20131123_1410_02,0
S_20141224_2607_11,1
S_20140101_1415_02,0
S_20140514_1827_01,0
A_20141103_2521_04,0
S_20130619_0802_05,0
S_20130911_1025_06,0
S_20131221_1404_03,0
S_20131123_1306_02,0
S_20130421_0604_02,0
S_20131110_1224_03,0
S_20150412_2926_07,1
S_20141009_2322_02,0
A_20130914_1201_03,0
S_20130512_0625_01,0
S_20140720_2103_06,0
S_20130928_1111_03,0
S_20140814_2128_02,0
S_20130616_0730_07,0
S_20150121_2704_06,0
S_20130630_0813_07,0
S_20150403_2917_01,0
S_20140123_1506_05,0
S_20150319_2902_01,1
S_20131127_1310_02,0
S_20130602_0716_06,0
S_20141206_2519_02,0
S_20130803_0917_06,0
A_20141229_2716_02,0
A_20130612_0830_03,0
S_20150412_2926_09,1
A_20130830_1117_03,0
S_20150121_2704_01,1
S_20140720_2103_01,0
S_20130928_1111_04,0
A_20130612_0830_04,0
S_20130803_0917_01,0
S_20131127_1310_05,0
S_20130602_0716_01,0
S_20141206_2519_05,0
S_20140123_1506_02,0
S_20140208_1522_02,0
S_20150226_2809_08,0
S_20140828_2211_04,0
S_20141119_2502_02,0
S_20150314_2825_01,1
S_20140614_1928_04,0
S_20150118_2701_05,1
A_20130726_1013_05,0
S_20130522_0705_03,0
S_20140705_2018_06,0
S_20141207_2520_01,0
S_20140329_1712_03,0
S_20150131_2714_01,1
A_20130624_0911_03,0
S_20141119_2502_05,0
A_20130813_1100_02,0
S_20140828_2211_03,0
A_20140110_1528_02,0
S_20150124_2707_07,0
S_20140329_1712_04,0
S_20140705_2018_01,0
A_20150201_2819_02,0
S_20140710_2023_03,0
S_20130522_0705_04,0
S_20150118_2701_02,1
A_20130726_1013_02,0
S_20140614_1928_03,0
S_20141108_2422_03,0
S_20141130_2513_07,0
S_20130703_0816_03,0
S_20141221_2604_10,1
S_20141109_2423_04,0
S_20150215_2729_07,1
A_20140315_1802_05,0
S_20140517_1900_02,0
S_20141026_2409_02,0
S_20140628_2011_05,0
S_20140605_1919_05,0
A_20131111_1329_02,0
S_20140524_1907_04,0
A_20140725_2212_04,0
S_20140517_1900_05,0
A_20140315_1802_02,0
S_20130706_0819_01,0
S_20130417_0600_02,0
S_20130703_0816_04,0
A_20140530_2017_01,0
S_20141109_2423_03,0
A_20130802_1020_03,0
A_20140725_2212_03,0
S_20140524_1907_03,0
A_20131024_1311_01,0
S_20140605_1919_02,0
A_20140912_2330_03,0
S_20141026_2409_05,0
S_20140628_2011_02,0
S_20131130_1313_06,0
S_20150412_2926_10,1
S_20141011_2324_03,0
S_20140201_1515_02,0
S_20140305_1616_07,0
S_20140612_1926_04,0
S_20150203_2717_01,0
S_20141224_2607_06,0
S_20150419_3001_03,0
S_20140119_1502_03,0
A_20141004_2421_02,0
S_20130710_0823_08,0
A_20140214_1701_01,0
S_20140612_1926_03,0
S_20140201_1515_05,0
S_20141011_2324_04,0
S_20131130_1313_01,0
S_20130908_1022_07,0
S_20140119_1502_04,0
S_20130626_0809_08,0
S_20150419_3001_04,0
S_20140315_1626_08,0
S_20141224_2607_01,1
S_20150203_2717_06,1
A_20140222_1709_02,0
A_20140620_2107_01,0
S_20150309_2820_01,1
A_20140820_2307_07,0
A_20150216_2903_03,0
S_20140409_1723_04,0
S_20131027_1210_01,0
S_20130626_0809_01,0
S_20131012_1125_02,0
S_20141224_2607_08,1
A_20140624_2111_01,0
S_20141001_2314_05,0
S_20140315_1626_01,0
S_20150219_2802_02,0
A_20131108_1326_01,0
A_20130731_1018_03,0
A_20130925_1212_01,0
S_20130710_0823_01,0
S_20140806_2120_02,0
S_20130919_1102_01,0
A_20130628_0915_03,0
S_20131130_1313_08,0
S_20150203_2717_08,1
S_20150219_2802_05,0
S_20140315_1626_06,0
S_20141001_2314_02,0
S_20130626_0809_06,0
S_20131012_1125_05,0
S_20150309_2820_06,0
S_20140409_1723_03,0
A_20150216_2903_04,1
S_20130616_0730_10,0
S_20130919_1102_06,0
S_20140806_2120_05,0
S_20130710_0823_06,0
A_20141122_2609_03,0
S_20140816_2130_05,0
S_20141004_2317_03,0
S_20130720_0903_03,0
S_20150104_2618_01,1
S_20150312_2823_03,1
S_20141019_2402_01,0
S_20130501_0614_02,0
A_20140418_1905_01,1
S_20150312_2823_04,1
S_20150104_2618_06,1
S_20140816_2130_02,1
S_20141004_2317_04,0
S_20130720_0903_04,0
S_20141221_2604_09,1
A_20140418_1905_06,0
A_20130721_1008_03,0
A_20140509_1926_02,0
A_20140609_2027_02,0
S_20130605_0719_01,0
A_20131206_1423_01,0
A_20140630_2117_01,0
S_20131009_1122_01,0
S_20150405_2919_01,0
A_20150115_2802_01,0
S_20140418_1801_02,0
S_20140830_2213_03,0
S_20140911_2225_05,0
S_20140222_1605_04,0
A_20140502_1919_02,0
A_20131202_1419_03,0
S_20140125_1508_02,0
S_20131009_1122_06,0
S_20150302_2813_02,0
S_20140926_2309_01,0
S_20130605_0719_06,0
A_20140609_2027_05,0
A_20130601_0819_02,0
S_20140222_1605_03,0
A_20140117_1604_02,0
S_20141221_2604_07,1
S_20140911_2225_02,0
S_20140830_2213_04,0
S_20150104_2618_08,0
S_20130626_0809_07,0
S_20131012_1125_04,0
S_20141025_2408_01,0
A_20140223_1710_01,0
A_20140820_2307_01,0
S_20150309_2820_07,1
A_20150216_2903_05,1
S_20140409_1723_02,0
S_20150219_2802_04,0
S_20140315_1626_07,0
S_20141001_2314_03,0
S_20140806_2120_04,0
A_20140330_1817_01,0
S_20130710_0823_07,0
S_20130504_0617_02,0
S_20141001_2314_04,0
S_20141224_2607_09,1
A_20141217_2704_02,0
A_20130731_1018_02,0
S_20150219_2802_03,0
A_20140820_2307_06,0
S_20140409_1723_05,0
A_20150216_2903_02,0
S_20140713_2026_01,0
S_20131012_1125_03,0
S_20131207_1320_01,0
A_20141105_2523_01,0
A_20130628_0915_02,0
S_20131130_1313_09,0
A_20140131_1618_01,0
S_20140806_2120_03,0
S_20140305_1616_01,0
S_20140201_1515_04,0
S_20141011_2324_05,0
S_20140612_1926_02,0
A_20150127_2814_01,0
S_20150203_2717_07,1
A_20140222_1709_03,0
S_20130908_1022_06,0
A_20140803_2221_01,0
S_20130626_0809_09,0
S_20150412_2926_11,1
S_20140612_1926_05,0
S_20141011_2324_02,0
S_20140305_1616_06,0
S_20140201_1515_03,0
S_20141218_2601_02,0
S_20131130_1313_07,0
S_20150419_3001_02,0
S_20140119_1502_02,0
S_20130908_1022_01,0
A_20130827_1114_01,0
S_20141224_2607_07,0
A_20140609_2027_04,0
A_20131202_1419_02,0
S_20150302_2813_03,0
S_20140125_1508_03,0
A_20140506_1923_01,0
S_20140418_1801_04,0
S_20140222_1605_02,0
S_20141221_2604_06,1
A_20130601_0819_03,0
S_20140830_2213_05,0
S_20140911_2225_03,0
S_20140707_2020_01,0
S_20150115_2629_01,1
A_20140609_2027_03,0
S_20140911_2225_04,0
S_20140830_2213_02,0
A_20140502_1919_03,0
A_20130601_0819_04,0
S_20140222_1605_05,0
S_20141221_2604_01,1
S_20140418_1801_03,0
S_20140522_1905_01,0
A_20140121_1608_01,0
S_20130925_1108_01,0
S_20141221_2604_08,1
S_20130814_0928_01,0
S_20140816_2130_03,0
S_20130720_0903_05,0
S_20141004_2317_05,0
S_20150312_2823_05,0
S_20150104_2618_07,0
A_20140509_1926_03,0
A_20150329_3016_01,0
S_20140928_2311_01,0
A_20130721_1008_02,0
S_20150312_2823_02,1
S_20140816_2130_04,0
S_20130720_0903_02,0
S_20141004_2317_02,0
A_20141122_2609_02,0
A_20150404_3022_01,0
S_20141228_2611_06,0
S_20140913_2227_09,0
S_20140302_1613_02,0
S_20140801_2115_01,0
S_20141102_2416_01,0
S_20140903_2217_01,0
S_20140220_1603_07,0
A_20140401_1819_02,0
S_20130915_1029_03,0
A_20130607_0825_03,0
S_20150222_2805_03,1
A_20150117_2804_02,0
S_20140405_1719_01,0
S_20140302_1613_05,0
S_20141228_2611_01,1
S_20150222_2805_04,1
A_20130607_0825_04,0
A_20130818_1105_01,0
S_20130915_1029_04,0
S_20140129_1512_01,0
S_20140903_2217_06,0
A_20140115_1602_01,0
S_20131225_1408_01,0
A_20141207_2624_03,0
S_20131031_1214_03,0
S_20150331_2914_02,0
S_20140206_1520_01,0
S_20131017_1200_04,0
S_20140921_2304_01,0
S_20140312_1623_04,0
A_20130712_0929_03,0
S_20141228_2611_08,0
S_20140913_2227_07,0
S_20150324_2907_03,1
S_20131024_1207_02,0
S_20140115_1429_01,0
S_20140903_2217_08,0
S_20140312_1623_03,0
S_20131017_1200_03,0
A_20141227_2714_01,0
A_20141228_2715_02,0
S_20140308_1619_02,0
S_20131031_1214_04,0
S_20140115_1429_06,0
S_20150324_2907_04,0
S_20130818_1001_02,0
A_20130712_0929_04,0
A_20130617_0904_02,0
S_20130905_1019_02,0
S_20140309_1620_06,0
S_20150409_2923_03,0
S_20140202_1516_07,0
A_20140216_1703_04,0
S_20140611_1925_01,0
S_20140423_1806_03,0
S_20130526_0709_01,0
S_20150315_2826_06,1
S_20130608_0722_04,0
S_20130808_0922_03,0
S_20140426_1809_06,0
S_20140622_2005_06,0
S_20140917_2300_01,0
S_20131214_1327_04,0
S_20141029_2412_04,0
S_20140510_1823_06,0
A_20140720_2207_04,0
A_20130927_1214_02,0
S_20140426_1809_01,0
S_20140403_1717_11,0
S_20130608_0722_03,0
S_20130808_0922_04,0
S_20150315_2826_01,0
S_20140423_1806_04,0
S_20130526_0709_06,0
S_20140611_1925_06,0
S_20140309_1620_01,0
A_20140216_1703_03,0
S_20150409_2923_04,0
S_20140717_2100_09,0
A_20140720_2207_03,0
A_20131127_1414_02,0
S_20140212_1526_08,0
S_20141029_2412_03,0
S_20140510_1823_01,0
A_20141124_2611_02,0
S_20140622_2005_01,0
S_20131214_1327_03,0
S_20140917_2300_06,0
S_20140510_1823_08,0
S_20140601_1915_07,0
S_20140212_1526_01,0
A_20131001_1218_01,0
S_20140622_2005_08,0
S_20140426_1809_08,0
S_20131204_1317_02,0
S_20140326_1709_05,0
S_20140202_1516_09,0
A_20140521_2008_02,0
S_20140917_2300_08,0
S_20140212_1526_06,0
S_20140717_2100_07,0
S_20140611_1925_08,0
S_20130526_0709_08,0
S_20140906_2220_07,0
S_20140326_1709_02,0
A_20150425_3112_03,0
S_20130508_0621_02,0
S_20150331_2914_04,0
S_20140308_1619_03,0
S_20131031_1214_05,0
S_20140312_1623_02,0
S_20140903_2217_09,0
S_20131017_1200_02,0
S_20140913_2227_01,0
S_20130818_1001_03,0
S_20141112_2426_01,0
S_20130905_1019_03,0
A_20150324_3011_01,0
S_20131024_1207_04,0
A_20140823_2310_02,0
S_20131017_1200_05,0
S_20140220_1603_08,0
S_20140308_1619_04,0
S_20131031_1214_02,0
A_20141207_2624_02,0
S_20130824_1007_01,0
S_20150331_2914_03,0
S_20150324_2907_02,1
S_20131024_1207_03,0
A_20130712_0929_02,0
S_20140913_2227_06,0
S_20130922_1105_06,0
A_20131017_1304_01,0
S_20140302_1613_04,0
A_20140401_1819_04,0
S_20130915_1029_05,0
S_20140220_1603_01,0
S_20140903_2217_07,0
S_20150222_2805_05,1
A_20130607_0825_05,0
S_20140302_1613_03,0
S_20140913_2227_08,0
S_20141228_2611_07,1
S_20141116_2430_01,1
S_20130922_1105_01,0
A_20130607_0825_02,0
S_20140104_1418_01,0
S_20150222_2805_02,0
S_20140220_1603_06,0
S_20130915_1029_02,0
A_20140401_1819_03,0
S_20140601_1915_01,0
S_20140212_1526_07,0
S_20140717_2100_06,0
A_20140521_2008_03,0
S_20140917_2300_09,0
A_20150425_3112_02,0
S_20131204_1317_04,0
A_20141029_2516_01,0
S_20140326_1709_03,0
S_20130508_0621_03,0
S_20140611_1925_09,0
S_20140906_2220_06,0
S_20140907_2221_01,0
S_20141106_2420_01,0
A_20130727_1014_02,0
S_20140717_2100_01,0
S_20140601_1915_06,0
S_20140510_1823_09,0
S_20140906_2220_01,0
S_20140202_1516_08,0
S_20140426_1809_09,0
A_20140920_2407_01,0
S_20140326_1709_04,0
S_20131204_1317_03,0
S_20140423_1806_05,0
S_20130526_0709_07,0
S_20140202_1516_01,0
S_20150409_2923_05,1
A_20140216_1703_02,0
S_20140611_1925_07,0
S_20140403_1717_10,0
A_20140208_1626_01,0
S_20130608_0722_02,0
S_20130808_0922_05,0
A_20141124_2611_03,0
A_20140427_1914_01,0
S_20140917_2300_07,0
S_20131214_1327_02,1
S_20140717_2100_08,0
A_20140720_2207_02,0
A_20131127_1414_03,0
S_20141029_2412_02,0
S_20140212_1526_09,0
S_20130608_0722_05,0
S_20130808_0922_02,0
A_20140209_1627_01,0
S_20140426_1809_07,0
A_20140216_1703_05,0
S_20140202_1516_06,0
S_20150409_2923_02,1
S_20140423_1806_02,0
S_20141029_2412_05,0
S_20140601_1915_08,0
S_20140510_1823_07,0
A_20130927_1214_03,0
A_20140720_2207_05,0
S_20140622_2005_07,0
S_20131214_1327_05,0
A_20140408_1826_05,0
S_20141115_2429_02,0
S_20131212_1325_05,0
A_20131022_1309_02,0
A_20130916_1203_03,0
S_20130428_0611_01,0
S_20150209_2723_01,0
S_20140112_1426_04,0
S_20130714_0827_03,0
S_20140508_1821_03,0
S_20141122_2505_01,0
S_20140618_2001_02,0
A_20141213_2700_01,0
S_20140729_2112_03,0
S_20140413_1727_02,0
S_20140528_1911_01,0
S_20140112_1426_03,0
S_20130714_0827_04,0
S_20140508_1821_04,0
A_20130916_1203_04,0
S_20131212_1325_02,0
A_20140408_1826_02,0
S_20140413_1727_05,0
S_20140729_2112_04,0
A_20140228_1715_01,0
A_20140301_1716_01,0
S_20131103_1217_02,0
S_20150111_2625_07,1
A_20130531_0818_02,0
S_20140618_2001_05,0
S_20131121_1304_05,0
A_20130823_1110_02,0
A_20130614_0901_03,0
S_20140430_1813_02,0
S_20131226_1409_01,0
S_20140609_1923_05,0
S_20150101_2615_06,1
S_20141211_2524_01,0
S_20140423_1806_11,0
S_20140227_1610_06,0
S_20140403_1717_04,0
S_20131113_1227_03,0
A_20150123_2810_02,0
S_20140430_1813_05,0
S_20141129_2512_02,0
S_20131121_1304_02,0
S_20131113_1227_04,0
S_20140403_1717_03,0
S_20140824_2207_01,0
S_20140227_1610_01,0
S_20141211_2524_06,0
A_20140709_2126_02,0
S_20140609_1923_02,0
S_20150101_2615_01,1
A_20130907_1125_02,0
S_20140809_2123_03,0
S_20140107_1421_03,0
A_20140402_1820_01,0
S_20130829_1012_05,0
S_20140215_1529_04,0
S_20150329_2912_06,0
S_20131117_1300_05,0
S_20140420_1803_05,0
S_20140320_1703_08,0
S_20130622_0805_01,0
S_20130829_1012_02,0
S_20130724_0907_08,0
S_20140107_1421_04,0
A_20130906_1124_02,0
A_20150308_2923_01,0
S_20140821_2204_07,0
S_20130622_0805_06,0
S_20140420_1803_02,0
S_20131117_1300_02,0
A_20150104_2722_02,0
S_20150329_2912_01,0
S_20140406_1720_02,0
A_20140321_1808_01,0
S_20140215_1529_03,0
S_20140320_1703_06,0
S_20140503_1816_06,0
S_20140621_2004_01,0
S_20150322_2905_02,0
S_20131003_1116_01,0
S_20131106_1220_04,0
S_20130822_1005_01,0
S_20141015_2328_03,0
A_20130920_1207_03,0
S_20130724_0907_01,0
A_20140317_1804_03,0
S_20140821_2204_09,0
S_20140320_1703_01,0
S_20140503_1816_01,0
S_20130724_0907_06,0
A_20130920_1207_04,0
S_20141015_2328_04,0
S_20131003_1116_06,0
S_20131106_1220_03,0
S_20131121_1304_03,0
A_20130705_0922_01,0
S_20141018_2401_02,0
S_20140430_1813_04,0
S_20150111_2625_08,0
S_20141129_2512_03,0
S_20140609_1923_03,0
A_20140709_2126_03,0
S_20141211_2524_07,0
S_20131113_1227_05,0
S_20140403_1717_02,0
A_20130823_1110_03,0
S_20141129_2512_04,0
S_20140430_1813_03,0
A_20130614_0901_02,0
S_20131121_1304_04,0
S_20130811_0925_01,0
S_20140403_1717_05,0
S_20131113_1227_02,0
S_20140423_1806_10,0
A_20130622_0909_01,0
S_20140609_1923_04,0
S_20150101_2615_07,1
S_20150409_2923_10,0
A_20131022_1309_04,0
S_20131212_1325_03,0
A_20140408_1826_03,0
A_20130711_0928_02,0
S_20130714_0827_05,0
S_20140112_1426_02,0
S_20130515_0628_02,0
S_20140508_1821_05,0
A_20130531_0818_03,0
S_20150111_2625_06,1
S_20140618_2001_04,0
S_20140413_1727_04,0
S_20131103_1217_03,0
S_20130714_0827_02,0
S_20140508_1821_02,0
S_20130519_0702_01,0
A_20140408_1826_04,0
A_20130916_1203_02,0
A_20131022_1309_03,0
S_20131212_1325_04,0
S_20140729_2112_02,0
S_20131103_1217_04,0
S_20140413_1727_03,0
S_20131228_1411_01,0
S_20140618_2001_03,0
A_20130719_1006_01,0
S_20150111_2625_01,1
A_20130531_0818_04,0
S_20130731_0914_06,0
S_20140821_2204_08,0
S_20130717_0900_01,0
A_20140317_1804_02,0
A_20140106_1524_01,0
S_20131106_1220_02,0
S_20130724_0907_07,0
S_20150322_2905_03,1
S_20140320_1703_07,0
S_20140503_1816_07,0
S_20130731_0914_01,0
A_20130920_1207_02,0
S_20131106_1220_05,0
A_20140305_1720_01,0
S_20141015_2328_02,0
A_20131012_1229_01,0
S_20140107_1421_05,0
A_20130907_1125_04,0
A_20130906_1124_03,0
S_20130829_1012_03,0
A_20150104_2722_03,0
S_20140215_1529_02,0
S_20140406_1720_03,0
S_20140821_2204_06,0
S_20131117_1300_03,0
S_20140420_1803_03,0
S_20141214_2527_01,1
A_20150426_3113_02,0
S_20130829_1012_04,0
A_20130907_1125_03,0
S_20140107_1421_02,0
S_20140809_2123_02,0
S_20140420_1803_04,0
S_20141214_2527_06,0
S_20131117_1300_04,0
S_20140821_2204_01,0
S_20140320_1703_09,0
S_20140406_1720_04,0
S_20140215_1529_05,0
A_20150104_2722_04,0
A_20140315_1802_07,0
S_20150215_2729_05,1
S_20150118_2701_09,1
S_20130706_0819_04,0
S_20130529_0712_05,0
S_20140614_1928_08,0
S_20141108_2422_01,0
S_20141130_2513_05,0
S_20141221_2604_12,1
S_20130703_0816_01,0
S_20140823_2206_02,0
S_20141023_2406_05,0
S_20131218_1401_05,0
S_20150107_2621_02,0
A_20140201_1620_02,0
S_20130424_0607_01,0
S_20140322_1705_02,0
S_20140911_2225_10,0
S_20130703_0816_06,0
S_20141109_2423_01,0
S_20140329_1712_08,0
A_20130802_1020_01,0
S_20141130_2513_02,0
S_20130529_0712_02,0
S_20130522_0705_08,0
S_20150215_2729_02,1
S_20130706_0819_03,0
A_20140912_2330_01,0
S_20131218_1401_02,0
S_20150107_2621_05,0
A_20140725_2212_01,1
S_20141023_2406_02,0
A_20131024_1311_03,0
S_20140524_1907_01,0
S_20150124_2707_02,1
S_20141207_2520_03,0
S_20140705_2018_04,0
S_20140329_1712_01,0
S_20150131_2714_03,1
S_20140614_1928_06,0
S_20150118_2701_07,1
A_20140307_1722_02,0
S_20130522_0705_01,0
S_20140828_2211_01,0
S_20150124_2707_05,1
A_20141109_2527_02,0
A_20130624_0911_01,0
A_20140307_1722_05,0
S_20130522_0705_06,0
S_20140710_2023_01,0
S_20140614_1928_01,0
A_20150106_2724_01,0
S_20150131_2714_04,1
S_20130703_0816_08,0
S_20141207_2520_04,0
S_20140705_2018_03,0
A_20141214_2701_02,0
S_20150121_2704_04,1
A_20130808_1026_02,0
A_20130914_1201_01,0
S_20130901_1015_05,0
S_20130928_1111_01,0
S_20140720_2103_04,0
S_20130616_0730_05,0
S_20130602_0716_04,0
S_20130803_0917_04,0
A_20130922_1209_02,0
A_20130612_0830_01,0
S_20131221_1404_08,0
S_20150301_2812_02,0
S_20131019_1202_02,0
S_20150403_2917_03,0
S_20130928_1111_06,0
S_20140720_2103_03,0
S_20130616_0730_02,0
S_20130901_1015_02,0
S_20150416_2930_02,1
S_20130630_0813_02,0
A_20130830_1117_01,0
S_20150121_2704_03,1
A_20130809_1027_02,0
A_20140704_2121_02,0
S_20150403_2917_04,1
S_20141203_2516_02,0
S_20131019_1202_05,0
A_20130612_0830_06,0
S_20130803_0917_03,0
S_20130602_0716_03,0
S_20140514_1827_04,0
S_20150226_2809_03,1
S_20130728_0911_01,0
A_20130609_0827_05,0
A_20130819_1106_03,0
S_20131221_1404_06,0
A_20141103_2521_01,0
S_20130911_1025_03,0
A_20150507_3124_03,0
A_20140601_2019_02,0
S_20131110_1224_06,0
S_20130612_0726_02,0
S_20140920_2303_05,0
S_20150412_2926_02,1
S_20150223_2806_01,0
S_20130911_1025_04,0
S_20130619_0802_07,0
S_20131221_1404_01,0
A_20140513_2000_02,0
A_20130609_0827_02,0
A_20130819_1106_04,0
S_20150226_2809_04,1
S_20140514_1827_03,0
S_20150412_2926_05,1
S_20140920_2303_02,0
S_20130612_0726_05,0
S_20131110_1224_01,0
A_20141109_2527_03,0
A_20130813_1100_01,0
S_20150124_2707_04,1
A_20140110_1528_01,0
S_20140329_1712_07,0
S_20130703_0816_09,0
S_20150131_2714_05,0
A_20141214_2701_03,0
S_20140705_2018_02,0
S_20150118_2701_01,1
A_20130726_1013_01,0
A_20150201_2819_01,0
A_20140307_1722_04,0
S_20130522_0705_07,0
S_20150124_2707_03,0
S_20141119_2502_01,0
S_20140614_1928_07,0
S_20150314_2825_02,1
A_20140307_1722_03,0
S_20150118_2701_06,1
S_20140705_2018_05,0
S_20141207_2520_02,0
A_20141214_2701_04,0
S_20150131_2714_02,0
S_20130529_0712_03,0
A_20140315_1802_01,0
S_20150215_2729_03,1
S_20130706_0819_02,0
S_20140911_2225_11,0
S_20130417_0600_01,0
S_20140531_1914_01,0
S_20140322_1705_03,0
S_20140329_1712_09,0
S_20141130_2513_03,0
A_20140530_2017_02,0
S_20130703_0816_07,0
S_20141221_2604_14,1
S_20150107_2621_04,1
S_20131218_1401_03,0
A_20131024_1311_02,0
S_20140823_2206_04,0
S_20141023_2406_03,0
S_20140605_1919_01,0
S_20140628_2011_01,0
S_20141221_2604_13,1
S_20141130_2513_04,0
S_20150215_2729_04,1
S_20150118_2701_08,1
A_20140315_1802_06,0
S_20130706_0819_05,0
S_20140614_1928_09,1
S_20140517_1900_01,0
S_20130529_0712_04,0
A_20140201_1620_03,0
S_20141026_2409_01,0
S_20140628_2011_06,0
S_20140605_1919_06,0
A_20131111_1329_01,0
S_20141023_2406_04,0
S_20140823_2206_03,0
S_20150107_2621_03,1
S_20131218_1401_04,0
S_20150226_2809_05,0
S_20140101_1415_01,0
S_20140514_1827_02,0
S_20141224_2607_12,1
S_20130619_0802_06,0
S_20130911_1025_05,0
S_20131123_1306_01,0
A_20130609_0827_03,0
A_20140513_2000_03,0
S_20130612_0726_04,0
S_20130421_0604_01,0
S_20140920_2303_03,0
S_20150412_2926_04,1
S_20141009_2322_01,0
S_20131221_1404_07,0
S_20131123_1306_06,0
A_20130609_0827_04,0
A_20130819_1106_02,0
A_20150507_3124_02,0
S_20130619_0802_01,0
S_20130911_1025_02,0
S_20140514_1827_05,0
S_20150226_2809_02,0
S_20150412_2926_03,1
S_20140920_2303_04,0
A_20140601_2019_03,0
S_20131110_1224_07,0
S_20130612_0726_03,0
S_20130630_0813_03,0
S_20150416_2930_03,1
S_20150121_2704_02,1
A_20130809_1027_03,0
S_20140815_2129_01,0
S_20140720_2103_02,0
S_20130616_0730_03,0
S_20130901_1015_03,0
S_20130602_0716_02,0
S_20130803_0917_02,0
A_20140704_2121_03,0
A_20140918_2405_01,0
S_20140123_1506_01,1
S_20131019_1202_04,0
S_20140208_1522_01,0
S_20130901_1015_04,0
S_20130512_0625_02,0
S_20140720_2103_05,0
S_20140814_2128_01,0
S_20130616_0730_04,0
A_20130808_1026_03,0
S_20150121_2704_05,0
A_20130809_1027_04,0
S_20130630_0813_04,0
S_20150403_2917_02,0
S_20131019_1202_03,0
S_20150319_2902_02,1
S_20130803_0917_05,0
S_20131127_1310_01,0
S_20130602_0716_05,0
S_20141206_2519_01,0
S_20131221_1404_09,1
S_20150301_2812_03,0
A_20141229_2716_01,0
A_20130922_1209_03,0
